compound_id,compound_name,disease_id,disease_name,category,status,prior_prob,prediction,training_prediction,compound_percentile,disease_percentile,n_trials,status_trials,status_drugcentral
DB01043,Memantine,DOID:14330,Parkinson's disease,SYM,0,0.0,0.0155136463731307,,0.977941176470588,1.0,,,
DB00674,Galantamine,DOID:14330,Parkinson's disease,,0,0.0,0.0110503850599179,,0.977941176470588,0.999349804941482,1.0,1.0,0.0
DB00843,Donepezil,DOID:14330,Parkinson's disease,,0,0.0,0.0079916823563841,,0.985294117647059,0.998699609882965,10.0,1.0,0.0
DB00740,Riluzole,DOID:14330,Parkinson's disease,,0,0.0,0.0073855273641419,,0.970588235294118,0.998049414824447,0.0,0.0,0.0
DB00989,Rivastigmine,DOID:14330,Parkinson's disease,SYM,0,0.0,0.0073569940840617,,0.977941176470588,0.99739921976593,,,
DB00659,Acamprosate,DOID:14330,Parkinson's disease,,0,0.0,0.0063814053102901,,0.919117647058823,0.996749024707412,1.0,1.0,0.0
DB00331,Metformin,DOID:14330,Parkinson's disease,,0,0.0,0.0058922708832047,,0.867647058823529,0.996098829648895,0.0,0.0,0.0
DB00260,Cycloserine,DOID:14330,Parkinson's disease,,0,0.0,0.0056996462662233,,1.0,0.995448634590377,0.0,0.0,0.0
DB06714,Propylhexedrine,DOID:14330,Parkinson's disease,,0,0.0,0.0056784862551398,,0.992647058823529,0.99479843953186,0.0,0.0,0.0
DB01618,Molindone,DOID:14330,Parkinson's disease,,0,0.0,0.0056486056761761,,0.904411764705882,0.994148244473342,0.0,0.0,0.0
DB00121,Biotin,DOID:14330,Parkinson's disease,,0,0.0,0.0055695920462911,,0.992647058823529,0.993498049414824,0.0,0.0,0.0
DB06706,Isometheptene,DOID:14330,Parkinson's disease,,0,0.0,0.0055112401584146,,0.992647058823529,0.992847854356307,0.0,0.0,0.0
DB00364,Sucralfate,DOID:14330,Parkinson's disease,,0,0.0,0.0055072182572096,,0.889705882352941,0.992197659297789,0.0,0.0,0.0
DB06201,Rufinamide,DOID:14330,Parkinson's disease,,0,0.0,0.0053855405651276,,0.867647058823529,0.991547464239272,0.0,0.0,0.0
DB00822,Disulfiram,DOID:14330,Parkinson's disease,,0,0.0,0.0053377584607083,,0.904411764705882,0.990897269180754,0.0,0.0,0.0
DB00163,Vitamin E,DOID:14330,Parkinson's disease,,0,0.0,0.0053309126796807,,0.889705882352941,0.990247074122237,1.0,1.0,0.0
DB00550,Propylthiouracil,DOID:14330,Parkinson's disease,,0,0.0,0.0052339838351843,,0.926470588235294,0.989596879063719,0.0,0.0,0.0
DB05271,Rotigotine,DOID:14330,Parkinson's disease,SYM,0,0.0,0.0052170014051571,,0.882352941176471,0.988946684005202,,,
DB00413,Pramipexole,DOID:14330,Parkinson's disease,SYM,0,0.0,0.0051757364069832,,0.867647058823529,0.988296488946684,,,
DB05260,Gallium nitrate,DOID:14330,Parkinson's disease,,0,0.0,0.0051031852742698,,0.742647058823529,0.987646293888166,0.0,0.0,0.0
DB09028,Cytisine,DOID:14330,Parkinson's disease,,0,0.0,0.0050376732791743,,0.933823529411765,0.986996098829649,0.0,0.0,0.0
DB00268,Ropinirole,DOID:14330,Parkinson's disease,SYM,0,0.0,0.005029529784273,,0.845588235294118,0.986345903771131,,,
DB00714,Apomorphine,DOID:14330,Parkinson's disease,SYM,0,0.0,0.0050069963697401,,0.867647058823529,0.985695708712614,,,
DB08810,Cinitapride,DOID:14330,Parkinson's disease,,0,0.0,0.0049672108078559,,0.955882352941177,0.985045513654096,0.0,0.0,0.0
DB00360,Tetrahydrobiopterin,DOID:14330,Parkinson's disease,,0,0.0,0.0049218517970938,,0.830882352941177,0.984395318595579,0.0,0.0,0.0
DB08815,Lurasidone,DOID:14330,Parkinson's disease,,0,0.0,0.0048323632144975,,0.911764705882353,0.983745123537061,0.0,0.0,0.0
DB00184,Nicotine,DOID:14330,Parkinson's disease,,0,0.0,0.0047899093665285,,0.727941176470588,0.983094928478544,5.0,1.0,0.0
DB00490,Buspirone,DOID:14330,Parkinson's disease,,0,0.0,0.0047600013675535,,0.845588235294118,0.982444733420026,2.0,1.0,0.0
DB00273,Topiramate,DOID:14330,Parkinson's disease,,0,0.0,0.0047445264226838,,0.875,0.981794538361508,3.0,1.0,0.0
DB00958,Carboplatin,DOID:14330,Parkinson's disease,,0,0.0,0.0047436554738399,,0.529411764705882,0.981144343302991,0.0,0.0,0.0
DB00126,Vitamin C,DOID:14330,Parkinson's disease,,0,0.0,0.0047197061880408,,0.904411764705882,0.980494148244473,0.0,0.0,0.0
DB06695,Dabigatran etexilate,DOID:14330,Parkinson's disease,,0,0.0,0.0046900287688347,,0.816176470588235,0.979843953185956,0.0,0.0,0.0
DB00526,Oxaliplatin,DOID:14330,Parkinson's disease,,0,0.0,0.0046611885443507,,0.735294117647059,0.979193758127438,0.0,0.0,0.0
DB00915,Amantadine,DOID:14330,Parkinson's disease,SYM,0,0.0,0.0045561257874485,,0.919117647058823,0.978543563068921,,,
DB00536,Guanidine,DOID:14330,Parkinson's disease,,0,0.0,0.0045533176990832,,0.852941176470588,0.977893368010403,0.0,0.0,0.0
DB01273,Varenicline,DOID:14330,Parkinson's disease,,0,0.0,0.0045184068219713,,0.904411764705882,0.977243172951886,0.0,0.0,0.0
DB00800,Fenoldopam,DOID:14330,Parkinson's disease,,0,0.0,0.0044393191337956,,0.882352941176471,0.976592977893368,0.0,0.0,0.0
DB00515,Cisplatin,DOID:14330,Parkinson's disease,,0,0.0,0.0044321534661325,,0.426470588235294,0.97594278283485,0.0,0.0,0.0
DB08824,Ioflupane I 123,DOID:14330,Parkinson's disease,,0,0.0,0.0043376122046096,,0.963235294117647,0.975292587776333,0.0,0.0,0.0
DB01221,Ketamine,DOID:14330,Parkinson's disease,,0,0.0,0.0042174709362685,,0.852941176470588,0.974642392717815,0.0,0.0,0.0
DB01367,Rasagiline,DOID:14330,Parkinson's disease,SYM,0,0.0,0.004204084916582,,0.779411764705882,0.973992197659298,,,
DB06216,Asenapine,DOID:14330,Parkinson's disease,,0,0.0,0.0040123576876306,,0.845588235294118,0.97334200260078,0.0,0.0,0.0
DB00140,Riboflavin,DOID:14330,Parkinson's disease,,0,0.0,0.0039998697377075,,0.904411764705882,0.972691807542263,0.0,0.0,0.0
DB01017,Minocycline,DOID:14330,Parkinson's disease,,0,0.0,0.0039996053102189,,0.838235294117647,0.972041612483745,1.0,1.0,0.0
DB01355,Hexobarbital,DOID:14330,Parkinson's disease,,0,0.0,0.0039846053838015,,0.897058823529412,0.971391417425228,0.0,0.0,0.0
DB04861,Nebivolol,DOID:14330,Parkinson's disease,,0,0.0,0.0039114025551949,,0.838235294117647,0.97074122236671,0.0,0.0,0.0
DB01407,Clenbuterol,DOID:14330,Parkinson's disease,,0,0.0,0.0038793665816139,,0.904411764705882,0.970091027308192,0.0,0.0,0.0
DB01028,Methoxyflurane,DOID:14330,Parkinson's disease,,0,0.0,0.0038086584720159,,0.823529411764706,0.969440832249675,0.0,0.0,0.0
DB01141,Micafungin,DOID:14330,Parkinson's disease,,0,0.0,0.0037766727182045,,0.933823529411765,0.968790637191157,0.0,0.0,0.0
DB00715,Paroxetine,DOID:14330,Parkinson's disease,,0,0.0,0.0037474596860253,,0.75,0.96814044213264,2.0,1.0,0.0
